season,yr,mnth,hr,holiday,weekday,workingday,weathersit,temp,atemp,hum,windspeed,casual,registered,cnt
1,0,1,0,0,6,0,1,0.24,0.2879,0.81,0,3,13,1
1,0,1,0,0,6,0,1,0.22,0.2727,0.8,0,8,32,1
1,0,1,0,0,6,0,1,0.22,0.2727,0.8,0,5,27,1
1,0,1,0,0,6,0,1,0.24,0.2879,0.75,0,3,10,1
1,0,1,0,0,6,0,1,0.24,0.2879,0.75,0,0,1,1
1,0,1,0,0,6,0,2,0.24,0.2576,0.75,0.0896,0,1,1
1,0,1,0,0,6,0,1,0.22,0.2727,0.8,0,2,0,1
1,0,1,0,0,6,0,1,0.2,0.2576,0.86,0,1,2,1
1,0,1,0,0,6,0,1,0.24,0.2879,0.75,0,1,7,1
1,0,1,0,0,6,0,1,0.32,0.3485,0.76,0,8,6,1
1,0,1,0,0,6,0,1,0.38,0.3939,0.76,0.2537,12,24,1
1,0,1,0,0,6,0,1,0.36,0.3333,0.81,0.2836,26,30,1
1,0,1,0,0,6,0,1,0.42,0.4242,0.77,0.2836,29,55,1
1,0,1,0,0,6,0,2,0.46,0.4545,0.72,0.2985,47,47,2
1,0,1,0,0,6,0,2,0.46,0.4545,0.72,0.2836,35,71,2
1,0,1,0,0,6,0,2,0.44,0.4394,0.77,0.2985,40,70,2
1,0,1,0,0,6,0,2,0.42,0.4242,0.82,0.2985,41,52,2
1,0,1,0,0,6,0,2,0.44,0.4394,0.82,0.2836,15,52,2
1,0,1,0,0,6,0,3,0.42,0.4242,0.88,0.2537,9,26,2
1,0,1,0,0,6,0,3,0.42,0.4242,0.88,0.2537,6,31,2
1,0,1,0,0,6,0,2,0.4,0.4091,0.87,0.2537,11,25,2
1,0,1,0,0,6,0,2,0.4,0.4091,0.87,0.194,3,31,2
1,0,1,0,0,6,0,2,0.4,0.4091,0.94,0.2239,11,17,2
1,0,1,0,0,6,0,2,0.46,0.4545,0.88,0.2985,15,24,2
1,0,1,0,0,0,0,2,0.46,0.4545,0.88,0.2985,4,13,3
1,0,1,0,0,0,0,2,0.44,0.4394,0.94,0.2537,1,16,3
1,0,1,0,0,0,0,2,0.42,0.4242,1,0.2836,1,8,3
1,0,1,0,0,0,0,2,0.46,0.4545,0.94,0.194,2,4,3
1,0,1,0,0,0,0,2,0.46,0.4545,0.94,0.194,2,1,3
1,0,1,0,0,0,0,3,0.42,0.4242,0.77,0.2985,0,2,3
1,0,1,0,0,0,0,2,0.4,0.4091,0.76,0.194,0,1,3
1,0,1,0,0,0,0,3,0.4,0.4091,0.71,0.2239,0,8,3
1,0,1,0,0,0,0,2,0.38,0.3939,0.76,0.2239,1,19,3
1,0,1,0,0,0,0,2,0.36,0.3485,0.81,0.2239,7,46,3
1,0,1,0,0,0,0,2,0.36,0.3333,0.71,0.2537,16,54,3
1,0,1,0,0,0,0,2,0.36,0.3333,0.66,0.2985,20,73,3
1,0,1,0,0,0,0,2,0.36,0.3485,0.66,0.1343,11,64,3
1,0,1,0,0,0,0,3,0.36,0.3485,0.76,0.194,4,55,3
1,0,1,0,0,0,0,3,0.34,0.3333,0.81,0.1642,19,55,4
1,0,1,0,0,0,0,3,0.34,0.3333,0.71,0.1642,9,67,4
1,0,1,0,0,0,0,1,0.34,0.3333,0.57,0.194,7,58,4
1,0,1,0,0,0,0,2,0.36,0.3333,0.46,0.3284,10,43,5
1,0,1,0,0,0,0,1,0.32,0.2879,0.42,0.4478,1,29,5
1,0,1,0,0,0,0,1,0.3,0.2727,0.39,0.3582,5,17,5
1,0,1,0,0,0,0,1,0.26,0.2273,0.44,0.3284,11,20,5
1,0,1,0,0,0,0,1,0.24,0.2121,0.44,0.2985,0,9,5
1,0,1,0,0,0,0,1,0.22,0.2273,0.47,0.1642,0,8,5
1,0,1,0,0,1,1,1,0.22,0.197,0.44,0.3582,0,5,5
1,0,1,0,0,1,1,1,0.2,0.1667,0.44,0.4179,0,2,5
1,0,1,0,0,1,1,1,0.16,0.1364,0.47,0.3881,0,1,5
1,0,1,0,0,1,1,1,0.16,0.1364,0.47,0.2836,0,3,5
1,0,1,0,0,1,1,1,0.14,0.1061,0.5,0.3881,0,30,5
1,0,1,0,0,1,1,1,0.14,0.1364,0.5,0.194,1,63,5
1,0,1,0,0,1,1,1,0.14,0.1212,0.5,0.2836,1,153,5
1,0,1,0,0,1,1,1,0.16,0.1364,0.43,0.3881,7,81,5
1,0,1,0,0,1,1,1,0.18,0.1667,0.43,0.2537,11,33,5
1,0,1,0,0,1,1,1,0.2,0.1818,0.4,0.3284,10,41,5
1,0,1,0,0,1,1,1,0.22,0.2121,0.35,0.2985,13,48,5
1,0,1,0,0,1,1,1,0.24,0.2121,0.35,0.2836,8,53,5
1,0,1,0,0,1,1,1,0.26,0.2424,0.3,0.2836,11,66,5
1,0,1,0,0,1,1,1,0.26,0.2424,0.3,0.2537,14,58,5
1,0,1,0,0,1,1,1,0.26,0.2424,0.3,0.2537,9,67,5
1,0,1,0,0,1,1,1,0.24,0.2273,0.3,0.2239,11,146,5
1,0,1,0,0,1,1,1,0.24,0.2576,0.32,0.1045,9,148,5
1,0,1,0,0,1,1,1,0.2,0.2576,0.47,0,8,102,5
1,0,1,0,0,1,1,1,0.2,0.2273,0.47,0.1045,3,49,5
1,0,1,0,0,1,1,1,0.18,0.197,0.64,0.1343,3,49,5
1,0,1,0,0,1,1,1,0.14,0.1515,0.69,0.1343,0,20,6
1,0,1,0,0,1,1,1,0.18,0.2121,0.55,0.1045,1,11,6
1,0,1,0,0,2,1,1,0.16,0.1818,0.55,0.1045,0,5,6
1,0,1,0,0,2,1,1,0.16,0.1818,0.59,0.1045,0,2,6
1,0,1,0,0,2,1,1,0.14,0.1515,0.63,0.1343,0,1,6
1,0,1,0,0,2,1,1,0.14,0.1818,0.63,0.0896,0,2,6
1,0,1,0,0,2,1,1,0.12,0.1515,0.68,0.1045,0,4,6
1,0,1,0,0,2,1,1,0.12,0.1515,0.74,0.1045,0,36,6
1,0,1,0,0,2,1,1,0.12,0.1515,0.74,0.1343,2,92,6
1,0,1,0,0,2,1,1,0.14,0.1515,0.69,0.1642,2,177,6
1,0,1,0,0,2,1,1,0.16,0.1515,0.64,0.2239,2,98,6
1,0,1,0,0,2,1,2,0.16,0.1364,0.69,0.3284,5,37,6
1,0,1,0,0,2,1,1,0.22,0.2121,0.51,0.2985,7,50,6
1,0,1,0,0,2,1,1,0.22,0.2273,0.51,0.1642,12,66,7
1,0,1,0,0,2,1,1,0.24,0.2273,0.56,0.194,18,79,7
1,0,1,0,0,2,1,1,0.26,0.2576,0.52,0.2239,9,54,7
1,0,1,0,0,2,1,1,0.28,0.2727,0.52,0.2537,17,48,7
1,0,1,0,0,2,1,1,0.3,0.2879,0.49,0.2537,15,68,7
1,0,1,0,0,2,1,1,0.28,0.2727,0.48,0.2239,10,202,7
1,0,1,0,0,2,1,1,0.26,0.2576,0.48,0.194,3,179,7
1,0,1,0,0,2,1,1,0.24,0.2576,0.48,0.1045,2,110,7
1,0,1,0,0,2,1,1,0.24,0.2576,0.48,0.1045,1,53,7
1,0,1,0,0,2,1,1,0.22,0.2727,0.64,0,0,48,7
1,0,1,0,0,2,1,1,0.22,0.2576,0.64,0.0896,1,34,7
1,0,1,0,0,2,1,1,0.2,0.2273,0.69,0.0896,2,9,7
1,0,1,0,0,3,1,1,0.2,0.2576,0.64,0,0,6,7
1,0,1,0,0,3,1,1,0.16,0.197,0.74,0.0896,0,6,7
1,0,1,0,0,3,1,1,0.16,0.197,0.74,0.0896,0,2,7
1,0,1,0,0,3,1,1,0.24,0.2273,0.48,0.2239,0,2,7
1,0,1,0,0,3,1,1,0.22,0.2273,0.47,0.1642,0,3,7
1,0,1,0,0,3,1,1,0.2,0.197,0.47,0.2239,0,33,7
1,0,1,0,0,3,1,1,0.18,0.1818,0.43,0.194,1,87,7
1,0,1,0,0,3,1,1,0.2,0.1818,0.4,0.2985,3,192,7
1,0,1,0,0,3,1,1,0.22,0.197,0.37,0.3284,6,109,8
1,0,1,0,0,3,1,1,0.22,0.197,0.37,0.3284,4,53,8
1,0,1,0,0,3,1,1,0.26,0.2273,0.33,0.3284,12,34,8
1,0,1,0,0,3,1,1,0.26,0.2273,0.33,0.3284,5,74,8
1,0,1,0,0,3,1,1,0.28,0.2576,0.3,0.2985,6,65,8
1,0,1,0,0,3,1,1,0.3,0.2879,0.28,0.194,10,52,8
1,0,1,0,0,3,1,1,0.3,0.2879,0.28,0.194,7,55,8
1,0,1,0,0,3,1,1,0.3,0.3182,0.28,0.0896,4,85,8
1,0,1,0,0,3,1,1,0.24,0.2273,0.38,0.194,4,186,8
1,0,1,0,0,3,1,1,0.24,0.2424,0.38,0.1343,3,166,8
1,0,1,0,0,3,1,1,0.24,0.2576,0.38,0.1045,5,127,8
1,0,1,0,0,3,1,1,0.22,0.2273,0.47,0.1642,7,82,8
1,0,1,0,0,3,1,1,0.2,0.197,0.51,0.194,3,40,9
1,0,1,0,0,3,1,1,0.18,0.197,0.55,0.1343,1,41,9
1,0,1,0,0,3,1,1,0.2,0.2576,0.47,0,1,18,9
1,0,1,0,0,4,1,1,0.18,0.2424,0.55,0,0,11,10
1,0,1,0,0,4,1,1,0.16,0.2273,0.64,0,0,4,10
1,0,1,0,0,4,1,1,0.16,0.2273,0.64,0,0,2,10
1,0,1,0,0,4,1,2,0.16,0.197,0.64,0.0896,0,1,10
1,0,1,0,0,4,1,2,0.14,0.1818,0.69,0.0896,0,4,10
1,0,1,0,0,4,1,2,0.14,0.1667,0.63,0.1045,0,36,10
1,0,1,0,0,4,1,2,0.16,0.2273,0.59,0,0,95,10
1,0,1,0,0,4,1,1,0.16,0.2273,0.59,0,3,216,10
1,0,1,0,0,4,1,2,0.18,0.2424,0.51,0,6,116,10
1,0,1,0,0,4,1,1,0.2,0.2576,0.47,0,3,42,11
1,0,1,0,0,4,1,1,0.22,0.2576,0.44,0.0896,2,57,11
1,0,1,0,0,4,1,1,0.26,0.2879,0.35,0,6,78,11
1,0,1,0,0,4,1,1,0.26,0.2727,0.35,0.1045,12,55,11
1,0,1,0,0,4,1,1,0.28,0.2727,0.36,0.1642,11,59,11
1,0,1,0,0,4,1,1,0.28,0.2727,0.36,0,8,54,11
1,0,1,0,0,4,1,1,0.26,0.2576,0.38,0.1642,12,74,11
1,0,1,0,0,4,1,1,0.22,0.2273,0.51,0.1642,9,163,11
1,0,1,0,0,4,1,1,0.22,0.2273,0.51,0.1343,5,158,11
1,0,1,0,0,4,1,1,0.22,0.2576,0.55,0.0896,3,109,11
1,0,1,0,0,4,1,1,0.2,0.2121,0.51,0.1642,3,66,11
1,0,1,0,0,4,1,2,0.22,0.2121,0.55,0.2239,0,48,12
1,0,1,0,0,4,1,2,0.22,0.2121,0.51,0.2836,1,51,12
1,0,1,0,0,4,1,2,0.2,0.197,0.59,0.194,4,19,12
1,0,1,0,0,5,1,2,0.2,0.197,0.64,0.194,4,13,12
1,0,1,0,0,5,1,2,0.2,0.197,0.69,0.2239,2,5,12
1,0,1,0,0,5,1,2,0.2,0.197,0.69,0.2239,0,1,12
1,0,1,0,0,5,1,2,0.2,0.2121,0.69,0.1343,0,1,12
1,0,1,0,0,5,1,3,0.22,0.2727,0.55,0,0,5,12
1,0,1,0,0,5,1,2,0.2,0.2576,0.69,0,8,26,12
1,0,1,0,0,5,1,1,0.2,0.2121,0.69,0.1343,8,76,13
1,0,1,0,0,5,1,1,0.2,0.197,0.51,0.2537,20,190,13
1,0,1,0,0,5,1,1,0.2,0.1818,0.47,0.2985,9,125,13
1,0,1,0,0,5,1,1,0.22,0.197,0.37,0.3284,16,47,13
1,0,1,0,0,5,1,2,0.2,0.197,0.4,0.2239,19,48,13
1,0,1,0,0,5,1,2,0.2,0.197,0.37,0.2537,9,50,13
1,0,1,0,0,5,1,2,0.2,0.1818,0.37,0.2836,9,64,13
1,0,1,0,0,5,1,2,0.2,0.197,0.4,0.2537,7,43,13
1,0,1,0,0,5,1,2,0.2,0.2121,0.37,0.1642,9,63,13
1,0,1,0,0,5,1,2,0.2,0.2121,0.37,0.1642,5,82,13
1,0,1,0,0,5,1,2,0.2,0.2576,0.37,0,9,178,14
1,0,1,0,0,5,1,1,0.2,0.2273,0.4,0.0896,7,116,14
1,0,1,0,0,5,1,1,0.16,0.197,0.55,0.0896,3,92,14
1,0,1,0,0,5,1,1,0.18,0.2121,0.47,0.1045,1,50,14
1,0,1,0,0,5,1,1,0.18,0.197,0.47,0.1343,0,39,14
1,0,1,0,0,5,1,2,0.18,0.197,0.43,0.1642,2,34,14
1,0,1,0,0,5,1,2,0.18,0.197,0.51,0.1642,1,14,14
1,0,1,0,0,6,0,2,0.18,0.197,0.51,0.1642,1,24,14
1,0,1,0,0,6,0,2,0.18,0.2121,0.55,0.0896,1,15,15
1,0,1,0,0,6,0,2,0.18,0.2424,0.55,0,3,13,15
1,0,1,0,0,6,0,3,0.18,0.197,0.55,0.1642,0,7,15
1,0,1,0,0,6,0,3,0.18,0.197,0.55,0.1642,0,1,15
1,0,1,0,0,6,0,2,0.16,0.1667,0.74,0.1642,0,5,15
1,0,1,0,0,6,0,2,0.16,0.1667,0.74,0.1642,0,2,16
1,0,1,0,0,6,0,2,0.16,0.1818,0.74,0.1045,1,8,16
1,0,1,0,0,6,0,3,0.16,0.1818,0.93,0.1045,0,15,16
1,0,1,0,0,6,0,3,0.16,0.1818,0.93,0.1045,0,20,16
1,0,1,0,0,6,0,2,0.18,0.197,0.8,0.1642,5,56,16
1,0,1,0,0,6,0,2,0.2,0.1818,0.69,0.3881,2,60,17
1,0,1,0,0,6,0,2,0.2,0.1818,0.59,0.3582,8,90,17
1,0,1,0,0,6,0,1,0.2,0.1818,0.44,0.3284,7,95,17
1,0,1,0,0,6,0,1,0.2,0.1667,0.32,0.4925,12,83,17
1,0,1,0,0,6,0,1,0.2,0.1667,0.32,0.4478,5,69,17
1,0,1,0,0,6,0,1,0.18,0.1364,0.29,0.4478,8,68,17
1,0,1,0,0,6,0,1,0.16,0.1212,0.37,0.5522,5,64,17
1,0,1,0,0,6,0,1,0.14,0.1212,0.39,0.2985,3,52,18
1,0,1,0,0,6,0,1,0.14,0.1212,0.36,0.2537,4,26,18
1,0,1,0,0,6,0,1,0.12,0.1212,0.36,0.2537,0,28,19
1,0,1,0,0,6,0,1,0.12,0.1061,0.39,0.3582,2,35,19
1,0,1,0,0,6,0,1,0.12,0.1061,0.36,0.3881,1,33,19
1,0,1,0,0,6,0,1,0.1,0.0606,0.39,0.4478,0,22,19
1,0,1,0,0,0,0,1,0.1,0.0758,0.42,0.3881,1,24,19
1,0,1,0,0,0,0,1,0.1,0.0606,0.42,0.4627,0,12,19
1,0,1,0,0,0,0,1,0.1,0.0606,0.46,0.4627,0,11,19
1,0,1,0,0,0,0,1,0.1,0.0758,0.46,0.4179,0,4,20
1,0,1,0,0,0,0,1,0.08,0.0909,0.53,0.194,0,1,20
1,0,1,0,0,0,0,1,0.08,0.0909,0.53,0.194,0,1,20
1,0,1,0,0,0,0,1,0.1,0.0909,0.49,0.2836,0,1,20
1,0,1,0,0,0,0,1,0.08,0.0909,0.53,0.194,1,5,20
1,0,1,0,0,0,0,1,0.1,0.0909,0.49,0.2836,0,10,20
1,0,1,0,0,0,0,1,0.12,0.0758,0.46,0.5224,0,19,20
1,0,1,0,0,0,0,1,0.14,0.1061,0.43,0.3881,0,49,20
1,0,1,0,0,0,0,1,0.16,0.1212,0.4,0.5224,2,47,21
1,0,1,0,0,0,0,1,0.18,0.1364,0.37,0.4478,4,79,21
1,0,1,0,0,0,0,1,0.2,0.1667,0.34,0.4478,6,69,21
1,0,1,0,0,0,0,1,0.22,0.1818,0.32,0.4627,8,64,22
1,0,1,0,0,0,0,1,0.22,0.197,0.35,0.3582,5,77,22
1,0,1,0,0,0,0,1,0.2,0.1667,0.34,0.4478,13,79,22
1,0,1,0,0,0,0,1,0.18,0.1515,0.37,0.3881,3,59,22
1,0,1,0,0,0,0,1,0.16,0.1364,0.4,0.3284,4,44,22
1,0,1,0,0,0,0,1,0.16,0.1364,0.43,0.3284,1,40,22
1,0,1,0,0,0,0,1,0.14,0.1212,0.46,0.2537,0,38,22
1,0,1,0,0,0,0,1,0.14,0.1061,0.46,0.4179,1,19,23
1,0,1,0,0,0,0,1,0.14,0.1212,0.46,0.2985,5,10,23
1,0,1,0,0,0,0,1,0.12,0.1364,0.5,0.194,0,6,23
1,0,1,0,0,1,1,1,0.12,0.1212,0.5,0.2836,2,3,23
1,0,1,0,0,1,1,1,0.12,0.1212,0.5,0.2836,1,0,23
1,0,1,0,0,1,1,1,0.12,0.1212,0.5,0.2239,0,3,23
1,0,1,0,0,1,1,1,0.12,0.1212,0.5,0.2239,0,1,23
1,0,1,0,0,1,1,1,0.1,0.1212,0.54,0.1343,1,2,23
1,0,1,0,0,1,1,1,0.1,0.1061,0.54,0.2537,0,3,24
1,0,1,0,0,1,1,1,0.12,0.1212,0.5,0.2836,0,31,24
1,0,1,0,0,1,1,1,0.12,0.1212,0.5,0.2239,2,75,24
1,0,1,0,0,1,1,2,0.12,0.1212,0.5,0.2836,4,184,24
1,0,1,0,0,1,1,2,0.14,0.1212,0.5,0.2537,2,92,24
1,0,1,0,0,1,1,2,0.14,0.1212,0.5,0.2985,0,31,25
1,0,1,0,0,1,1,2,0.16,0.1364,0.47,0.2836,2,28,25
1,0,1,0,0,1,1,2,0.2,0.1818,0.4,0.2836,5,47,25
1,0,1,0,0,1,1,2,0.2,0.1818,0.4,0.2836,4,50,25
1,0,1,0,0,1,1,2,0.2,0.197,0.4,0.2239,0,47,25
1,0,1,0,0,1,1,2,0.2,0.197,0.4,0.2239,2,43,25
1,0,1,0,0,1,1,1,0.2,0.2121,0.4,0.1343,4,70,25
1,0,1,0,0,1,1,1,0.2,0.2273,0.4,0.1045,4,174,26
1,0,1,0,0,1,1,1,0.2,0.197,0.4,0.2239,1,154,26
1,0,1,0,0,1,1,1,0.16,0.1667,0.47,0.1642,3,92,26
1,0,1,0,0,1,1,1,0.16,0.1667,0.5,0.1642,1,73,26
1,0,1,0,0,1,1,1,0.14,0.1364,0.59,0.194,1,37,27
1,0,1,0,0,1,1,1,0.14,0.1515,0.59,0.1642,2,22,27
1,0,1,0,0,1,1,1,0.14,0.1515,0.59,0.1642,0,18,28
1,0,1,0,0,2,1,1,0.14,0.1667,0.59,0.1045,2,10,28
1,0,1,0,0,2,1,1,0.14,0.1515,0.59,0.1642,0,3,29
1,0,1,0,0,2,1,2,0.16,0.1515,0.55,0.194,0,3,29
1,0,1,0,0,2,1,2,0.16,0.1818,0.55,0.1343,0,6,30
1,0,1,0,0,2,1,2,0.16,0.1818,0.55,0.1343,0,27,30
1,0,1,0,0,2,1,2,0.16,0.2273,0.55,0,2,97,30
1,0,1,0,0,2,1,2,0.18,0.2121,0.51,0.0896,3,214,30
1,0,1,0,0,2,1,2,0.18,0.197,0.51,0.1642,3,127,30
1,0,1,0,0,2,1,2,0.2,0.2121,0.51,0.1642,3,51,30
1,0,1,0,0,2,1,2,0.2,0.2121,0.47,0.1343,4,31,31
1,0,1,0,0,2,1,2,0.2,0.2273,0.51,0.1045,2,55,31
1,0,1,0,0,2,1,2,0.2,0.2273,0.59,0.0896,6,46,31
1,0,1,0,0,2,1,2,0.2,0.2273,0.59,0.0896,3,60,31
1,0,1,0,0,2,1,2,0.16,0.197,0.8,0.0896,2,45,31
1,0,1,0,0,2,1,2,0.16,0.1515,0.86,0.2239,4,72,31
1,0,1,0,0,2,1,2,0.16,0.1515,0.86,0.2239,6,130,32
1,0,1,0,0,2,1,3,0.16,0.1818,0.93,0.1045,1,94,32
1,0,1,0,0,2,1,3,0.16,0.2273,0.93,0,0,51,32
1,0,1,0,0,2,1,3,0.16,0.1515,0.93,0.194,0,32,32
1,0,1,0,0,2,1,3,0.16,0.197,0.86,0.0896,0,20,32
1,0,1,0,0,2,1,3,0.16,0.1818,0.93,0.1045,1,28,32
1,0,1,0,0,2,1,3,0.16,0.197,0.93,0.0896,1,18,33
1,0,1,0,0,3,1,2,0.16,0.197,0.86,0.0896,0,7,33
1,0,1,0,0,3,1,2,0.16,0.1818,0.86,0.1045,0,6,33
1,0,1,0,0,3,1,1,0.14,0.1515,0.86,0.1343,0,1,33
1,0,1,0,0,3,1,1,0.14,0.1515,0.86,0.1642,0,5,33
1,0,1,0,0,3,1,1,0.12,0.1515,0.93,0.1343,0,16,34
1,0,1,0,0,3,1,1,0.14,0.1515,0.69,0.1343,0,54,34
1,0,1,0,0,3,1,1,0.16,0.1667,0.59,0.1642,3,125,34
1,0,1,0,0,3,1,1,0.16,0.1364,0.59,0.3284,3,78,34
1,0,1,0,0,3,1,1,0.18,0.1818,0.55,0.2239,0,39,35
1,0,1,0,0,3,1,1,0.2,0.1818,0.51,0.3881,3,32,35
1,0,1,0,0,3,1,1,0.2,0.1515,0.47,0.5821,3,52,35
1,0,1,0,0,3,1,1,0.22,0.197,0.44,0.3582,0,49,35
1,0,1,0,0,3,1,1,0.2,0.1818,0.47,0.3284,0,44,35
1,0,1,0,0,3,1,1,0.2,0.1667,0.47,0.4179,1,48,36
1,0,1,0,0,3,1,1,0.22,0.197,0.44,0.3284,5,63,36
1,0,1,0,0,3,1,1,0.2,0.1818,0.47,0.3582,0,139,36
1,0,1,0,0,3,1,1,0.2,0.1515,0.47,0.5224,2,135,36
1,0,1,0,0,3,1,1,0.18,0.1515,0.47,0.4179,1,82,37
1,0,1,0,0,3,1,1,0.16,0.1364,0.5,0.3284,2,54,37
1,0,1,0,0,3,1,1,0.16,0.1364,0.55,0.3284,0,57,37
1,0,1,0,0,3,1,1,0.16,0.1212,0.55,0.4478,1,32,37
1,0,1,0,0,3,1,1,0.14,0.1061,0.59,0.4179,1,19,38
1,0,1,0,0,4,1,1,0.14,0.1212,0.59,0.2836,1,6,38
1,0,1,0,0,4,1,1,0.14,0.1212,0.5,0.2836,0,2,38
1,0,1,0,0,4,1,1,0.14,0.1212,0.5,0.3582,0,2,38
1,0,1,0,0,4,1,1,0.14,0.1212,0.5,0.3284,0,3,39
1,0,1,0,0,4,1,1,0.14,0.1212,0.5,0.2537,0,4,39
1,0,1,0,0,4,1,1,0.14,0.1212,0.5,0.2985,0,3,40
1,0,1,0,0,4,1,1,0.12,0.1515,0.54,0.1343,0,28,40
1,0,1,0,0,4,1,1,0.12,0.1515,0.54,0.1343,0,72,40
1,0,1,0,0,4,1,1,0.14,0.1364,0.5,0.194,5,197,41
1,0,1,0,0,4,1,1,0.14,0.1212,0.5,0.3284,2,137,41
1,0,1,0,0,4,1,2,0.16,0.1364,0.5,0.3582,2,36,41
1,0,1,0,0,4,1,2,0.2,0.1667,0.44,0.4478,4,33,41
1,0,1,0,0,4,1,1,0.2,0.1667,0.44,0.4179,3,49,41
1,0,1,0,0,4,1,1,0.22,0.197,0.41,0.4478,2,81,42
1,0,1,0,0,4,1,1,0.22,0.197,0.41,0.3881,3,39,43
1,0,1,0,0,4,1,1,0.24,0.2121,0.38,0.2985,5,55,43
1,0,1,0,0,4,1,1,0.24,0.2121,0.38,0.3582,2,76,43
1,0,1,0,0,4,1,1,0.2,0.1818,0.4,0.2836,4,158,43
1,0,1,0,0,4,1,1,0.2,0.1818,0.4,0.3284,3,141,45
1,0,1,0,0,4,1,1,0.16,0.1515,0.47,0.2537,1,98,46
1,0,1,0,0,4,1,1,0.16,0.1515,0.47,0.2239,0,64,46
1,0,1,0,0,4,1,1,0.14,0.1212,0.46,0.2985,0,40,46
1,0,1,0,0,4,1,1,0.14,0.1212,0.46,0.3284,0,30,46
1,0,1,0,0,4,1,1,0.12,0.1364,0.5,0.194,1,14,47
1,0,1,0,0,5,1,1,0.12,0.1364,0.5,0.194,0,14,47
1,0,1,0,0,5,1,1,0.1,0.1212,0.54,0.1642,0,5,48
1,0,1,0,0,5,1,1,0.1,0.1212,0.54,0.1343,0,1,48
1,0,1,0,0,5,1,1,0.1,0.1364,0.54,0.1045,0,1,48
1,0,1,0,0,5,1,1,0.1,0.1364,0.54,0.0896,0,8,49
1,0,1,0,0,5,1,1,0.1,0.1818,0.54,0,0,17,49
1,0,1,0,0,5,1,1,0.1,0.1212,0.74,0.1642,0,70,50
1,0,1,0,0,5,1,1,0.12,0.1667,0.68,0,2,156,50
1,0,1,0,0,5,1,1,0.14,0.1515,0.69,0.1343,0,117,50
1,0,1,0,0,5,1,1,0.18,0.1818,0.55,0.194,4,40,51
1,0,1,0,0,5,1,1,0.18,0.1667,0.51,0.2836,6,47,51
1,0,1,0,0,5,1,1,0.2,0.197,0.44,0.2537,2,59,51
1,0,1,0,0,5,1,1,0.22,0.197,0.37,0.3881,4,73,52
1,0,1,0,0,5,1,1,0.22,0.2121,0.41,0.2836,5,59,53
1,0,1,0,0,5,1,1,0.24,0.2424,0.38,0.1642,9,59,53
1,0,1,0,0,5,1,1,0.22,0.2424,0.41,0.1045,3,87,53
1,0,1,0,0,5,1,1,0.22,0.2273,0.41,0.1642,4,155,54
1,0,1,0,0,5,1,1,0.2,0.2576,0.47,0,5,134,54
1,0,1,0,0,5,1,1,0.16,0.197,0.59,0.0896,3,89,55
1,0,1,0,0,5,1,1,0.18,0.2424,0.59,0,0,68,55
1,0,1,0,0,5,1,1,0.16,0.2273,0.69,0,4,48,55
1,0,1,0,0,5,1,2,0.16,0.2273,0.69,0,2,34,55
1,0,1,0,0,5,1,2,0.18,0.2424,0.55,0,1,26,55
1,0,1,0,0,6,0,1,0.18,0.2424,0.55,0,3,25,55
1,0,1,0,0,6,0,2,0.16,0.197,0.59,0.0896,2,18,56
1,0,1,0,0,6,0,2,0.16,0.197,0.59,0.0896,0,12,56
1,0,1,0,0,6,0,2,0.16,0.2273,0.59,0,1,7,56
1,0,1,0,0,6,0,2,0.16,0.2273,0.59,0,0,5,56
1,0,1,0,0,6,0,1,0.16,0.2273,0.59,0,0,1,57
1,0,1,0,0,6,0,1,0.14,0.1667,0.63,0.1045,1,2,57
1,0,1,0,0,6,0,1,0.14,0.2121,0.63,0,1,9,57
1,0,1,0,0,6,0,1,0.14,0.1515,0.63,0.1343,1,22,58
1,0,1,0,0,6,0,1,0.16,0.1818,0.64,0.1343,2,31,59
1,0,1,0,0,6,0,1,0.18,0.197,0.59,0.1642,2,57,59
1,0,1,0,0,6,0,1,0.2,0.197,0.55,0.2239,18,54,59
1,0,1,0,0,6,0,1,0.24,0.2273,0.48,0.2239,15,74,60
1,0,1,0,0,6,0,1,0.28,0.2576,0.38,0.2985,21,80,60
1,0,1,0,0,6,0,1,0.3,0.2879,0.39,0.2836,26,92,60
1,0,1,0,0,6,0,2,0.32,0.3182,0.36,0.194,21,108,60
1,0,1,0,0,6,0,2,0.34,0.3333,0.34,0.194,33,95,61
1,0,1,0,0,6,0,2,0.32,0.303,0.36,0.2836,29,54,61
1,0,1,0,0,6,0,2,0.3,0.2879,0.45,0.2537,15,69,62
1,0,1,0,0,6,0,2,0.32,0.303,0.39,0.2537,14,60,62
1,0,1,0,0,6,0,2,0.32,0.303,0.39,0.2537,6,35,63
1,0,1,0,0,6,0,2,0.32,0.303,0.39,0.2239,6,51,64
1,0,1,0,0,6,0,2,0.3,0.3182,0.42,0.1045,0,26,65
1,0,1,0,0,6,0,1,0.3,0.2879,0.45,0.2836,5,39,66
1,0,1,0,0,0,0,1,0.26,0.303,0.56,0,6,33,66
1,0,1,0,0,0,0,1,0.26,0.2727,0.56,0.1343,4,19,66
1,0,1,0,0,0,0,1,0.26,0.2879,0.56,0.0896,3,13,67
1,0,1,0,0,0,0,1,0.22,0.2727,0.69,0,9,6,67
1,0,1,0,0,0,0,1,0.26,0.2576,0.56,0.1642,0,1,68
1,0,1,0,0,0,0,2,0.26,0.2576,0.56,0.1642,1,1,68
1,0,1,0,0,0,0,2,0.26,0.2576,0.56,0.1642,0,1,68
1,0,1,0,0,0,0,2,0.24,0.2121,0.56,0.2985,0,3,68
1,0,1,0,0,0,0,1,0.22,0.2121,0.55,0.2836,0,18,68
1,0,1,0,0,0,0,1,0.22,0.2121,0.51,0.2537,3,29,69
1,0,1,0,0,0,0,1,0.22,0.2121,0.51,0.2836,8,71,70
1,0,1,0,0,0,0,1,0.24,0.2273,0.44,0.2537,23,70,70
1,0,1,0,0,0,0,1,0.24,0.2121,0.41,0.2836,29,75,72
1,0,1,0,0,0,0,1,0.26,0.2273,0.35,0.2985,23,95,72
1,0,1,0,0,0,0,1,0.28,0.2727,0.36,0.2537,22,69,72
1,0,1,0,0,0,0,1,0.26,0.2424,0.38,0.2537,35,78,73
1,0,1,0,0,0,0,1,0.24,0.2273,0.38,0.2239,22,77,73
1,0,1,0,0,0,0,1,0.22,0.2121,0.37,0.2537,23,82,74
1,0,1,0,0,0,0,1,0.2,0.2121,0.4,0.1642,11,56,74
1,0,1,0,0,0,0,1,0.18,0.197,0.47,0.1343,14,47,74
1,0,1,0,0,0,0,1,0.18,0.197,0.47,0.1642,7,50,75
1,0,1,0,0,0,0,1,0.18,0.197,0.51,0.1642,6,22,76
1,0,1,0,0,0,0,2,0.2,0.2121,0.49,0.1343,2,19,77
1,0,1,0,0,0,0,2,0.2,0.2273,0.4,0.1045,0,18,77
1,0,1,0,1,1,0,2,0.2,0.197,0.47,0.2239,1,16,78
1,0,1,0,1,1,0,2,0.2,0.197,0.44,0.194,1,15,78
1,0,1,0,1,1,0,2,0.18,0.1667,0.43,0.2537,0,8,78
1,0,1,0,1,1,0,2,0.18,0.1818,0.43,0.194,0,2,78
1,0,1,0,1,1,0,2,0.18,0.197,0.43,0.1343,1,2,78
1,0,1,0,1,1,0,2,0.18,0.197,0.43,0.1642,0,1,78
1,0,1,0,1,1,0,2,0.18,0.1818,0.43,0.194,0,5,79
1,0,1,0,1,1,0,2,0.16,0.1818,0.5,0.1343,4,9,79
1,0,1,0,1,1,0,2,0.16,0.1515,0.47,0.2239,3,30,80
1,0,1,0,1,1,0,2,0.16,0.1515,0.47,0.2239,8,39,80
1,0,1,0,1,1,0,2,0.16,0.1515,0.5,0.2537,7,50,80
1,0,1,0,1,1,0,2,0.16,0.1515,0.55,0.194,9,55,80
1,0,1,0,1,1,0,2,0.18,0.197,0.47,0.1343,10,70,80
1,0,1,0,1,1,0,2,0.18,0.197,0.47,0.1343,13,80,81
1,0,1,0,1,1,0,2,0.18,0.2121,0.43,0.1045,12,74,81
1,0,1,0,1,1,0,2,0.2,0.2121,0.47,0.1642,21,72,81
1,0,1,0,1,1,0,2,0.2,0.2121,0.47,0.1642,6,76,81
1,0,1,0,1,1,0,1,0.2,0.197,0.51,0.194,4,67,81
1,0,1,0,1,1,0,2,0.18,0.1667,0.55,0.2537,7,85,82
1,0,1,0,1,1,0,3,0.18,0.1818,0.59,0.194,2,58,82
1,0,1,0,1,1,0,3,0.16,0.1515,0.8,0.194,4,29,82
1,0,1,0,1,1,0,3,0.16,0.1515,0.8,0.194,3,24,84
1,0,1,0,1,1,0,3,0.14,0.1212,0.93,0.2537,0,13,84
1,0,1,0,1,1,0,3,0.16,0.1364,0.86,0.2836,1,3,84
1,0,1,0,0,2,1,2,0.2,0.1818,0.86,0.3284,0,3,85
1,0,1,0,0,2,1,2,0.2,0.197,0.86,0.2239,0,22,85
1,0,1,0,0,2,1,2,0.22,0.2273,0.8,0.1642,2,26,85
1,0,1,0,0,2,1,2,0.22,0.2273,0.87,0.1642,3,32,86
1,0,1,0,0,2,1,2,0.22,0.2273,0.87,0.194,0,61,86
1,0,1,0,0,2,1,2,0.22,0.2273,0.82,0.194,1,124,87
1,0,1,0,0,2,1,2,0.22,0.2273,0.8,0.1642,1,132,87
1,0,1,0,0,2,1,2,0.22,0.2273,0.8,0.1343,1,98,88
1,0,1,0,0,2,1,2,0.22,0.2727,0.87,0,0,83,88
1,0,1,0,0,2,1,2,0.22,0.2424,0.93,0.1045,0,41,88
1,0,1,0,0,2,1,2,0.22,0.2576,0.93,0.0896,0,33,90
1,0,1,0,0,2,1,2,0.22,0.2727,0.93,0,1,19,90
1,0,1,0,0,3,1,2,0.22,0.2727,0.93,0,0,3,90
1,0,1,0,0,3,1,3,0.22,0.2273,0.93,0.1343,1,6,90
1,0,1,0,0,3,1,3,0.22,0.2273,0.93,0.1343,0,3,90
1,0,1,0,0,3,1,3,0.22,0.2273,0.93,0.1343,1,1,91
1,0,1,0,0,3,1,2,0.22,0.2576,0.93,0.0896,0,7,92
1,0,1,0,0,3,1,2,0.22,0.2576,0.93,0.0896,0,32,92
1,0,1,0,0,3,1,2,0.24,0.2576,0.92,0.1045,1,89,92
1,0,1,0,0,3,1,2,0.24,0.2576,0.93,0.1045,1,196,93
1,0,1,0,0,3,1,2,0.24,0.2576,0.93,0.1045,2,107,93
1,0,1,0,0,3,1,2,0.26,0.2727,0.93,0.1343,1,46,96
1,0,1,0,0,3,1,2,0.28,0.303,0.87,0.0896,5,47,96
1,0,1,0,0,3,1,2,0.3,0.3182,0.81,0.0896,5,65,96
1,0,1,0,0,3,1,1,0.4,0.4091,0.62,0.2836,11,67,96
1,0,1,0,0,3,1,1,0.4,0.4091,0.58,0.2537,7,68,97
1,0,1,0,0,3,1,1,0.4,0.4091,0.54,0.2836,4,78,97
1,0,1,0,0,3,1,1,0.38,0.3939,0.58,0.3881,10,94,98
1,0,1,0,0,3,1,1,0.36,0.3333,0.57,0.3284,7,190,98
1,0,1,0,0,3,1,1,0.34,0.3182,0.61,0.2836,5,156,98
1,0,1,0,0,3,1,1,0.32,0.2879,0.57,0.4179,4,108,98
1,0,1,0,0,3,1,1,0.32,0.303,0.49,0.2985,2,74,98
1,0,1,0,0,3,1,1,0.32,0.2879,0.49,0.4179,4,55,100
1,0,1,0,0,3,1,1,0.3,0.303,0.52,0.1642,6,53,100
1,0,1,0,0,3,1,1,0.3,0.2727,0.52,0.4627,1,27,101
1,0,1,0,0,4,1,1,0.26,0.2273,0.56,0.3881,5,8,101
1,0,1,0,0,4,1,1,0.26,0.2727,0.56,0,2,3,102
1,0,1,0,0,4,1,1,0.26,0.2727,0.56,0,0,2,103
1,0,1,0,0,4,1,1,0.26,0.2576,0.56,0.1642,0,1,103
1,0,1,0,0,4,1,1,0.26,0.2576,0.56,0.1642,0,1,103
1,0,1,0,0,4,1,1,0.24,0.2273,0.6,0.2239,0,6,104
1,0,1,0,0,4,1,1,0.22,0.2121,0.6,0.2239,0,35,104
1,0,1,0,0,4,1,1,0.22,0.2121,0.55,0.2239,1,100,104
1,0,1,0,0,4,1,1,0.22,0.2121,0.55,0.2836,2,247,104
1,0,1,0,0,4,1,2,0.24,0.2273,0.52,0.2239,3,140,104
1,0,1,0,0,4,1,1,0.26,0.2273,0.48,0.2985,1,56,106
1,0,1,0,0,4,1,2,0.28,0.2727,0.45,0.1642,5,63,106
1,0,1,0,0,4,1,2,0.3,0.3333,0.42,0,7,77,106
1,0,1,0,0,4,1,2,0.28,0.2879,0.45,0.1045,12,86,106
1,0,1,0,0,4,1,2,0.3,0.303,0.45,0.1343,6,75,107
1,0,1,0,0,4,1,2,0.32,0.3182,0.45,0.194,8,62,108
1,0,1,0,0,4,1,2,0.3,0.303,0.49,0.1343,8,83,108
1,0,1,0,0,4,1,2,0.3,0.3182,0.49,0.1045,8,207,112
1,0,1,0,0,4,1,2,0.26,0.2576,0.56,0.194,1,184,113
1,0,1,0,0,4,1,1,0.26,0.2273,0.56,0.3284,6,146,114
1,0,1,0,0,4,1,2,0.26,0.2424,0.6,0.2836,2,124,114
1,0,1,0,0,4,1,2,0.24,0.2273,0.6,0.2537,3,54,115
1,0,1,0,0,4,1,2,0.24,0.2121,0.65,0.2836,0,56,115
1,0,1,0,0,4,1,2,0.24,0.2121,0.65,0.3284,3,28,115
1,0,1,0,0,5,1,2,0.24,0.2273,0.7,0.2537,1,20,116
1,0,1,0,0,5,1,2,0.24,0.2273,0.7,0.2537,0,6,116
1,0,1,0,0,5,1,3,0.24,0.2424,0.75,0.1642,0,2,116
1,0,1,0,0,5,1,3,0.22,0.2121,0.8,0.2985,0,1,116
1,0,1,0,0,5,1,2,0.22,0.2576,0.87,0.0896,0,1,117
1,0,1,0,0,5,1,1,0.24,0.197,0.6,0.4179,1,4,117
1,0,1,0,0,5,1,1,0.22,0.2121,0.55,0.2537,0,27,118
1,0,1,0,0,5,1,1,0.2,0.1818,0.51,0.2836,2,66,119
1,0,1,0,0,5,1,1,0.2,0.1818,0.47,0.3284,7,210,119
1,0,1,0,0,5,1,1,0.2,0.1818,0.51,0.3582,7,159,120
1,0,1,0,0,5,1,1,0.2,0.1667,0.47,0.4627,6,57,120
1,0,1,0,0,5,1,1,0.22,0.1818,0.41,0.4627,6,53,120
1,0,1,0,0,5,1,1,0.22,0.1818,0.27,0.5821,11,67,121
1,0,1,0,0,5,1,1,0.2,0.1515,0.21,0.5821,8,65,121
1,0,1,0,0,5,1,1,0.2,0.1515,0.25,0.5224,6,56,122
1,0,1,0,0,5,1,1,0.16,0.1212,0.26,0.4478,4,61,123
1,0,1,0,0,5,1,1,0.16,0.1364,0.26,0.3582,0,97,123
1,0,1,0,0,5,1,1,0.14,0.1212,0.28,0.3582,10,151,123
1,0,1,0,0,5,1,1,0.12,0.1212,0.3,0.2537,1,119,123
1,0,1,0,0,5,1,1,0.12,0.1061,0.3,0.3284,3,93,124
1,0,1,0,0,5,1,1,0.1,0.0758,0.33,0.4179,1,52,124
1,0,1,0,0,5,1,1,0.08,0.0758,0.38,0.2836,0,41,125
1,0,1,0,0,5,1,1,0.06,0.0303,0.41,0.3881,1,33,125
1,0,1,0,0,5,1,1,0.06,0.0455,0.38,0.3284,0,27,126
1,0,1,0,0,6,0,1,0.04,0.0303,0.45,0.2537,0,13,126
1,0,1,0,0,6,0,2,0.04,0,0.41,0.3881,3,9,126
1,0,1,0,0,6,0,2,0.04,0.0303,0.41,0.2537,0,11,126
1,0,1,0,0,6,0,2,0.04,0.0303,0.41,0.2836,1,6,127
1,0,1,0,0,6,0,2,0.02,0.0152,0.48,0.2985,0,3,127
1,0,1,0,0,6,0,2,0.02,0.0303,0.44,0.2239,0,2,128
1,0,1,0,0,6,0,1,0.02,0.0152,0.44,0.2836,0,8,130
1,0,1,0,0,6,0,1,0.02,0,0.44,0.3284,1,26,130
1,0,1,0,0,6,0,1,0.04,0.0303,0.41,0.2537,3,37,130
1,0,1,0,0,6,0,2,0.04,0.0606,0.41,0.1642,3,50,130
1,0,1,0,0,6,0,2,0.06,0.0758,0.38,0.1343,4,59,131
1,0,1,0,0,6,0,2,0.06,0.1061,0.38,0.1045,10,60,132
1,0,1,0,0,6,0,1,0.08,0.1667,0.35,0,12,72,132
1,0,1,0,0,6,0,1,0.1,0.1364,0.33,0.1045,11,64,132
1,0,1,0,0,6,0,1,0.12,0.1515,0.28,0,10,93,133
1,0,1,0,0,6,0,1,0.12,0.1364,0.28,0.194,11,72,134
1,0,1,0,0,6,0,1,0.12,0.197,0.28,0,8,59,134
1,0,1,0,0,6,0,1,0.08,0.0909,0.35,0.194,0,54,134
1,0,1,0,0,6,0,1,0.08,0.1061,0.35,0.1343,6,53,135
1,0,1,0,0,6,0,1,0.06,0.0758,0.45,0.1642,1,44,135
1,0,1,0,0,6,0,1,0.06,0.1061,0.41,0.0896,0,39,135
1,0,1,0,0,6,0,1,0.06,0.1515,0.49,0,7,23,135
1,0,1,0,0,6,0,1,0.04,0.0758,0.57,0.1045,2,31,135
1,0,1,0,0,0,0,1,0.04,0.0758,0.57,0.1045,2,20,135
1,0,1,0,0,0,0,1,0.04,0.0758,0.57,0.1045,1,12,136
1,0,1,0,0,0,0,1,0.02,0.0606,0.62,0.1343,3,15,136
1,0,1,0,0,0,0,1,0.02,0.0606,0.62,0.1343,1,4,137
1,0,1,0,0,0,0,2,0.04,0.0758,0.57,0.1045,0,3,137
1,0,1,0,0,0,0,2,0.04,0.0758,0.57,0.1045,0,1,137
1,0,1,0,0,0,0,1,0.08,0.1061,0.58,0.1642,1,1,137
1,0,1,0,0,0,0,1,0.06,0.0758,0.62,0.1642,2,17,138
1,0,1,0,0,0,0,1,0.1,0.0758,0.54,0.3582,3,25,138
1,0,1,0,0,0,0,1,0.14,0.1061,0.46,0.3881,7,51,139
1,0,1,0,0,0,0,1,0.14,0.1364,0.43,0.2239,22,77,139
1,0,1,0,0,0,0,1,0.16,0.1212,0.37,0.4627,24,92,139
1,0,1,0,0,0,0,1,0.14,0.1061,0.33,0.3881,12,75,139
1,0,1,0,0,0,0,1,0.16,0.1364,0.28,0.3582,17,93,141
1,0,1,0,0,0,0,1,0.16,0.1364,0.28,0.3582,13,64,141
1,0,1,0,0,0,0,1,0.16,0.1364,0.26,0.3284,9,56,142
1,0,1,0,0,0,0,1,0.14,0.1061,0.26,0.3881,5,50,143
1,0,1,0,0,0,0,1,0.12,0.1212,0.3,0.2537,5,44,145
1,0,1,0,0,0,0,1,0.12,0.1212,0.3,0.2836,5,45,145
1,0,1,0,0,0,0,1,0.1,0.1061,0.36,0.2537,4,31,145
1,0,1,0,0,0,0,1,0.1,0.1061,0.36,0.194,5,20,145
1,0,1,0,0,0,0,1,0.08,0.0909,0.38,0.194,5,23,147
1,0,1,0,0,0,0,1,0.06,0.0606,0.41,0.2239,4,17,148
1,0,1,0,0,1,1,1,0.06,0.0606,0.41,0.194,0,7,148
1,0,1,0,0,1,1,1,0.04,0.0455,0.45,0.194,0,1,149
1,0,1,0,0,1,1,1,0.04,0.0303,0.45,0.2537,0,1,150
1,0,1,0,0,1,1,1,0.02,0.0606,0.48,0.1343,0,1,150
1,0,1,0,0,1,1,1,0.02,0.0606,0.48,0.1343,0,5,150
1,0,1,0,0,1,1,1,0.02,0.0758,0.48,0.0896,0,15,150
1,0,1,0,0,1,1,1,0.02,0.1212,0.48,0,5,79,150
1,0,1,0,0,1,1,1,0.04,0.1364,0.49,0,6,171,150
1,0,1,0,0,1,1,1,0.06,0.1515,0.41,0,4,98,151
1,0,1,0,0,1,1,1,0.1,0.1364,0.42,0,6,34,151
1,0,1,0,0,1,1,1,0.1,0.1212,0.46,0.1343,3,43,152
1,0,1,0,0,1,1,2,0.12,0.1364,0.42,0.194,11,52,152
1,0,1,0,0,1,1,2,0.14,0.1364,0.43,0.2239,6,54,152
1,0,1,0,0,1,1,2,0.14,0.1364,0.46,0.2239,2,43,153
1,0,1,0,0,1,1,1,0.16,0.1667,0.4,0.1642,7,50,154
1,0,1,0,0,1,1,1,0.16,0.1515,0.47,0.2537,4,66,154
1,0,1,0,0,1,1,1,0.14,0.1212,0.5,0.2537,6,178,154
1,0,1,0,0,1,1,1,0.14,0.1364,0.59,0.194,8,145,154
1,0,1,0,0,1,1,1,0.14,0.1515,0.54,0.1642,5,101,154
1,0,1,0,0,1,1,1,0.14,0.1364,0.59,0.194,1,80,154
1,0,1,0,0,1,1,1,0.14,0.1515,0.63,0.1642,6,53,155
1,0,1,0,0,1,1,2,0.14,0.1364,0.63,0.2239,3,32,156
1,0,1,0,0,1,1,2,0.16,0.1515,0.64,0.2537,3,21,157
1,0,1,0,0,2,1,2,0.16,0.1364,0.69,0.2836,3,6,159
1,0,1,0,0,2,1,2,0.16,0.1667,0.69,0.1642,0,5,162
1,0,1,0,0,2,1,1,0.16,0.1515,0.69,0.2239,0,2,162
1,0,1,0,0,2,1,1,0.14,0.1667,0.74,0.1045,0,1,162
1,0,1,0,0,2,1,1,0.14,0.1364,0.74,0.2239,0,9,164
1,0,1,0,0,2,1,1,0.16,0.1818,0.74,0.1045,1,35,164
1,0,1,0,0,2,1,1,0.16,0.1515,0.74,0.2239,5,103,164
1,0,1,0,0,2,1,2,0.16,0.1818,0.74,0.1343,5,233,164
1,0,1,0,0,2,1,2,0.2,0.2273,0.64,0.0896,10,134,165
1,0,1,0,0,2,1,2,0.22,0.2424,0.6,0.1045,6,49,166
1,0,1,0,0,2,1,2,0.24,0.2424,0.6,0.1343,6,55,167
1,0,1,0,0,2,1,2,0.26,0.2879,0.56,0.0896,21,85,167
1,0,1,0,0,2,1,2,0.26,0.2727,0.56,0.1343,21,72,167
1,0,1,0,0,2,1,2,0.3,0.3333,0.45,0,11,57,168
1,0,1,0,0,2,1,2,0.32,0.3485,0.42,0,21,63,168
1,0,1,0,0,2,1,2,0.32,0.3485,0.42,0,14,102,169
1,0,1,0,0,2,1,1,0.3,0.3333,0.45,0,14,208,169
1,0,1,0,0,2,1,2,0.3,0.3182,0.49,0.0896,7,218,169
1,0,1,0,0,2,1,2,0.26,0.2576,0.65,0.1642,13,133,170
1,0,1,0,0,2,1,1,0.24,0.2273,0.65,0.194,16,103,170
1,0,1,0,0,2,1,1,0.24,0.2273,0.65,0.194,5,40,170
1,0,1,0,0,2,1,1,0.22,0.2273,0.64,0.1642,4,49,171
1,0,1,0,0,2,1,2,0.22,0.2273,0.64,0.1642,3,37,171
1,0,1,0,0,3,1,2,0.22,0.2273,0.69,0.1343,3,14,172
1,0,1,0,0,3,1,2,0.24,0.2424,0.65,0.1343,0,5,173
1,0,1,0,0,3,1,3,0.22,0.2273,0.69,0.194,3,7,174
1,0,1,0,0,3,1,3,0.2,0.1818,0.86,0.2836,0,1,174
1,0,1,0,0,3,1,3,0.2,0.1818,0.86,0.2836,0,8,175
1,0,1,0,0,3,1,3,0.22,0.2121,0.87,0.2985,1,29,175
1,0,1,0,0,3,1,3,0.22,0.2121,0.87,0.2985,3,69,176
1,0,1,0,0,3,1,3,0.22,0.2121,0.87,0.2985,3,55,176
1,0,1,0,0,3,1,3,0.22,0.2121,0.93,0.2836,2,26,176
1,0,1,0,0,3,1,3,0.22,0.197,0.93,0.3284,6,35,177
1,0,1,0,0,3,1,3,0.22,0.197,0.93,0.3284,7,41,177
1,0,1,0,0,3,1,3,0.22,0.197,0.93,0.3284,4,43,178
1,0,1,0,0,3,1,3,0.22,0.197,0.93,0.3582,0,36,178
1,0,1,0,0,3,1,3,0.22,0.1818,0.93,0.4627,1,42,179
1,0,1,0,0,3,1,4,0.22,0.197,0.93,0.3284,1,35,179
1,0,1,0,0,3,1,3,0.2,0.1818,0.93,0.3582,0,26,180
1,0,1,0,0,4,1,1,0.22,0.2273,0.55,0.194,1,23,180
1,0,1,0,0,4,1,1,0.22,0.2424,0.55,0.1045,2,82,181
1,0,1,0,0,4,1,1,0.2,0.2273,0.69,0.0896,3,101,181
1,0,1,0,0,4,1,1,0.2,0.2273,0.69,0.0896,3,76,181
1,0,1,0,0,4,1,1,0.18,0.2121,0.74,0.0896,4,55,181
1,0,1,0,0,4,1,1,0.18,0.2121,0.74,0.0896,2,36,182
1,0,1,0,0,4,1,1,0.18,0.2121,0.74,0.0896,0,27,183
1,0,1,0,0,4,1,1,0.18,0.197,0.8,0.1642,0,16,184
1,0,1,0,0,5,1,2,0.2,0.2121,0.75,0.1343,0,9,184
1,0,1,0,0,5,1,2,0.2,0.2121,0.75,0.1343,1,2,184
1,0,1,0,0,5,1,2,0.2,0.2121,0.75,0.1642,0,2,184
1,0,1,0,0,5,1,2,0.2,0.2273,0.75,0.1045,1,0,185
1,0,1,0,0,5,1,2,0.18,0.2121,0.8,0.1045,0,4,185
1,0,1,0,0,5,1,2,0.18,0.197,0.8,0.1343,0,16,185
1,0,1,0,0,5,1,2,0.16,0.197,0.86,0.0896,2,58,185
1,0,1,0,0,5,1,2,0.16,0.197,0.86,0.0896,2,155,186
1,0,1,0,0,5,1,3,0.18,0.2121,0.86,0.0896,6,95,186
1,0,1,0,0,5,1,3,0.18,0.2121,0.86,0.1045,0,49,187
1,0,1,0,0,5,1,3,0.18,0.2121,0.93,0.1045,0,30,188
1,0,1,0,0,5,1,3,0.18,0.2121,0.93,0.1045,1,28,188
1,0,1,0,0,5,1,3,0.18,0.2121,0.93,0.1045,0,31,189
1,0,1,0,0,5,1,3,0.22,0.2727,0.8,0,2,36,189
1,0,1,0,0,5,1,2,0.2,0.2576,0.86,0,1,40,190
1,0,1,0,0,5,1,1,0.22,0.2727,0.8,0,10,70,190
1,0,1,0,0,5,1,1,0.24,0.2424,0.75,0.1343,2,147,190
1,0,1,0,0,5,1,1,0.24,0.2273,0.75,0.194,2,107,190
1,0,1,0,0,5,1,2,0.24,0.2424,0.75,0.1343,5,84,192
1,0,1,0,0,5,1,2,0.24,0.2273,0.7,0.194,1,61,192
1,0,1,0,0,5,1,2,0.22,0.2273,0.75,0.1343,1,57,192
1,0,1,0,0,5,1,1,0.24,0.2121,0.65,0.3582,0,26,192
1,0,1,0,0,5,1,1,0.24,0.2273,0.6,0.2239,1,22,193
1,0,1,0,0,6,0,1,0.22,0.197,0.64,0.3582,2,26,193
1,0,1,0,0,6,0,1,0.22,0.2273,0.64,0.194,0,20,193
1,0,1,0,0,6,0,1,0.22,0.2273,0.64,0.1642,0,15,194
1,0,1,0,0,6,0,1,0.2,0.2121,0.64,0.1343,3,5,195
1,0,1,0,0,6,0,1,0.16,0.1818,0.69,0.1045,1,2,195
1,0,1,0,0,6,0,1,0.16,0.1818,0.64,0.1343,0,2,195
1,0,1,0,0,6,0,1,0.16,0.1818,0.59,0.1045,1,4,195
1,0,1,0,0,6,0,1,0.18,0.197,0.55,0.1642,3,31,196
1,0,1,0,0,6,0,1,0.18,0.2121,0.59,0.0896,0,34,197
1,0,1,0,0,6,0,2,0.18,0.2121,0.64,0.1045,4,51,197
1,0,1,0,0,6,0,2,0.18,0.197,0.64,0.1343,4,60,197
1,0,1,0,0,6,0,2,0.2,0.197,0.59,0.194,12,66,198
1,0,1,0,0,6,0,2,0.22,0.2273,0.55,0.1642,9,56,199
1,0,1,0,0,6,0,2,0.22,0.2273,0.6,0.1343,10,89,200
1,0,1,0,0,6,0,1,0.22,0.2121,0.69,0.2537,22,98,200
1,0,1,0,0,6,0,1,0.24,0.2424,0.6,0.1642,19,88,200
1,0,1,0,0,6,0,1,0.24,0.2879,0.6,0,9,82,201
1,0,1,0,0,6,0,1,0.22,0.2273,0.69,0.1343,9,59,201
1,0,1,0,0,6,0,2,0.22,0.2121,0.69,0.2537,6,52,202
1,0,1,0,0,6,0,1,0.18,0.2121,0.74,0.0896,1,42,203
1,0,1,0,0,6,0,1,0.18,0.2121,0.74,0.0896,1,35,203
1,0,1,0,0,6,0,1,0.16,0.197,0.8,0.0896,4,28,205
1,0,1,0,0,6,0,1,0.16,0.197,0.8,0.0896,3,30,205
1,0,1,0,0,0,0,1,0.16,0.1818,0.8,0.1045,0,33,206
1,0,1,0,0,0,0,1,0.14,0.2121,0.8,0,7,22,207
1,0,1,0,0,0,0,1,0.16,0.2273,0.8,0,1,10,207
1,0,1,0,0,0,0,1,0.14,0.2121,0.93,0,1,7,208
1,0,1,0,0,0,0,1,0.14,0.2121,0.93,0,0,1,208
1,0,1,0,0,0,0,1,0.14,0.2121,0.86,0,0,3,208
1,0,1,0,0,0,0,1,0.14,0.2121,0.86,0,0,3,208
1,0,1,0,0,0,0,2,0.14,0.2121,0.86,0,1,11,208
1,0,1,0,0,0,0,2,0.16,0.2273,0.8,0,4,34,209
1,0,1,0,0,0,0,2,0.18,0.2424,0.8,0,7,57,210
1,0,1,0,0,0,0,1,0.22,0.2727,0.75,0,9,50,210
1,0,1,0,0,0,0,1,0.3,0.3182,0.52,0.1045,10,87,210
1,0,1,0,0,0,0,1,0.28,0.2879,0.61,0.1045,13,71,210
1,0,1,0,0,0,0,1,0.28,0.303,0.61,0.0896,18,104,211
1,0,1,0,0,0,0,1,0.3,0.3333,0.56,0,14,95,211
1,0,1,0,0,0,0,1,0.3,0.3333,0.56,0,19,104,213
1,0,1,0,0,0,0,1,0.3,0.2879,0.56,0.194,6,71,214
1,0,1,0,0,0,0,1,0.26,0.2576,0.65,0.1642,8,57,214
1,0,1,0,0,0,0,1,0.26,0.2576,0.65,0.194,9,46,215
1,0,1,0,0,0,0,2,0.26,0.2727,0.65,0.1045,3,30,215
1,0,1,0,0,0,0,2,0.24,0.2424,0.7,0.1642,3,25,216
1,0,1,0,0,0,0,2,0.24,0.2273,0.7,0.194,2,19,218
1,0,1,0,0,0,0,2,0.24,0.2121,0.65,0.2836,5,16,218
1,0,1,0,0,1,1,2,0.24,0.2273,0.65,0.2239,1,6,219
1,0,1,0,0,1,1,1,0.22,0.2121,0.64,0.2537,2,5,220
1,0,1,0,0,1,1,1,0.22,0.2273,0.64,0.194,0,1,220
1,0,1,0,0,1,1,1,0.22,0.2273,0.64,0.194,0,2,221
1,0,1,0,0,1,1,1,0.2,0.197,0.59,0.2239,0,2,222
1,0,1,0,0,1,1,1,0.18,0.1667,0.64,0.2836,0,8,222
1,0,1,0,0,1,1,1,0.16,0.1364,0.69,0.3284,0,37,222
1,0,1,0,0,1,1,2,0.16,0.1364,0.64,0.2836,1,71,222
1,0,1,0,0,1,1,2,0.16,0.1364,0.59,0.2836,3,182,224
1,0,1,0,0,1,1,2,0.16,0.1364,0.59,0.2985,0,112,224
1,0,1,0,0,1,1,2,0.16,0.1515,0.59,0.194,1,68,224
1,0,1,0,0,1,1,2,0.16,0.1515,0.59,0.194,2,46,225
1,0,1,0,0,1,1,2,0.18,0.2121,0.55,0.1045,6,62,225
1,0,1,0,0,1,1,2,0.16,0.2273,0.59,0,2,52,227
1,0,1,0,0,1,1,2,0.18,0.197,0.55,0.1343,1,85,228
1,0,1,0,0,1,1,2,0.16,0.1818,0.59,0.1343,3,41,228
1,0,1,0,0,1,1,2,0.16,0.1818,0.56,0.194,3,83,229
1,0,1,0,0,1,1,2,0.16,0.1515,0.59,0.194,6,155,230
1,0,1,0,0,1,1,2,0.16,0.1515,0.55,0.2239,3,153,232
1,0,1,0,0,1,1,1,0.3,0.3182,0.61,0.1045,3,108,232
1,0,1,0,0,1,1,3,0.16,0.1667,0.59,0.1642,0,78,232
1,0,1,0,0,1,1,3,0.16,0.197,0.59,0.0896,3,53,232
1,0,1,0,0,1,1,2,0.16,0.1818,0.59,0.1045,0,34,232
1,0,1,0,0,1,1,2,0.16,0.197,0.64,0.0896,2,15,233
1,0,2,0,0,2,1,2,0.16,0.1818,0.64,0.1045,2,6,235
1,0,2,0,0,2,1,2,0.16,0.1818,0.69,0.1045,0,3,235
1,0,2,0,0,2,1,2,0.16,0.2273,0.69,0,0,2,235
1,0,2,0,0,2,1,2,0.16,0.2273,0.69,0,0,2,236
1,0,2,0,0,2,1,3,0.14,0.2121,0.93,0,0,3,237
1,0,2,0,0,2,1,3,0.14,0.2121,0.93,0,0,22,238
1,0,2,0,0,2,1,3,0.16,0.2273,0.93,0,0,52,238
1,0,2,0,0,2,1,3,0.16,0.2273,0.93,0,3,132,238
1,0,2,0,0,2,1,2,0.16,0.2273,0.93,0,2,114,239
1,0,2,0,0,2,1,2,0.16,0.2273,0.93,0,0,47,240
1,0,2,0,0,2,1,2,0.18,0.2424,0.86,0,2,49,240
1,0,2,0,0,2,1,2,0.2,0.2576,0.86,0,2,53,243
1,0,2,0,0,2,1,2,0.2,0.2576,0.86,0,3,49,243
1,0,2,0,0,2,1,2,0.22,0.2576,0.8,0.0896,5,49,243
1,0,2,0,0,2,1,2,0.24,0.2879,0.75,0,7,45,244
1,0,2,0,0,2,1,2,0.24,0.2424,0.75,0.1343,3,61,244
1,0,2,0,0,2,1,2,0.24,0.2879,0.75,0,4,172,245
1,0,2,0,0,2,1,2,0.24,0.2576,0.81,0.1045,3,165,246
1,0,2,0,0,2,1,2,0.24,0.2424,0.81,0.1343,3,105,247
1,0,2,0,0,2,1,2,0.22,0.2273,0.87,0.1343,5,69,247
1,0,2,1,0,2,1,2,0.22,0.2273,0.87,0.1343,0,64,247
1,0,2,1,0,2,1,2,0.22,0.2576,0.87,0.0896,2,34,248
1,0,2,1,0,2,1,3,0.2,0.197,0.93,0.194,1,15,251
1,0,2,1,0,3,1,3,0.22,0.2424,0.93,0.1045,0,2,251
1,0,2,1,0,3,1,3,0.22,0.2273,0.93,0.194,0,3,251
1,0,2,1,0,3,1,3,0.22,0.2273,0.93,0.1343,4,0,252
1,0,2,1,0,3,1,3,0.22,0.2273,0.93,0.1343,0,1,252
1,0,2,1,0,3,1,3,0.22,0.2121,0.93,0.2836,0,1,253
1,0,2,1,0,3,1,3,0.22,0.2424,0.93,0.1045,0,3,253
1,0,2,1,0,3,1,3,0.22,0.2424,0.93,0.1045,1,17,254
1,0,2,1,0,3,1,3,0.22,0.2121,0.93,0.2239,1,48,254
1,0,2,1,0,3,1,3,0.22,0.2121,0.93,0.2239,1,154,254
1,0,2,1,0,3,1,2,0.24,0.2576,0.93,0.0896,4,119,255
1,0,2,1,0,3,1,2,0.22,0.2727,1,0,2,59,256
1,0,2,1,0,3,1,2,0.24,0.2273,0.93,0.194,5,47,256
1,0,2,1,0,3,1,2,0.24,0.2273,0.93,0.2239,3,61,256
1,0,2,1,0,3,1,1,0.34,0.3333,0.93,0.1642,1,74,258
1,0,2,1,0,3,1,1,0.38,0.3939,0.82,0.3881,2,61,258
1,0,2,1,0,3,1,1,0.38,0.3939,0.76,0.3284,10,66,259
1,0,2,1,0,3,1,1,0.36,0.3333,0.71,0.2985,8,95,259
1,0,2,1,0,3,1,1,0.36,0.3182,0.53,0.5224,7,183,260
1,0,2,1,0,3,1,1,0.34,0.2879,0.42,0.5522,7,175,260
1,0,2,1,0,3,1,1,0.28,0.2424,0.45,0.4925,3,88,261
1,0,2,1,0,3,1,1,0.24,0.197,0.48,0.5522,4,71,262
1,0,2,1,0,3,1,1,0.22,0.197,0.47,0.3284,1,62,263
1,0,2,1,0,3,1,1,0.22,0.2121,0.44,0.2537,5,35,263
1,0,2,1,0,3,1,1,0.2,0.1667,0.44,0.4478,3,29,264
1,0,2,1,0,4,1,1,0.2,0.1667,0.4,0.4478,1,11,264
1,0,2,1,0,4,1,1,0.2,0.1515,0.44,0.5224,0,5,266
1,0,2,1,0,4,1,1,0.18,0.1667,0.43,0.2537,0,2,270
1,0,2,1,0,4,1,1,0.18,0.1667,0.43,0.2537,0,1,270
1,0,2,1,0,4,1,1,0.16,0.1364,0.5,0.2985,0,2,274
1,0,2,1,0,4,1,1,0.16,0.1364,0.43,0.3582,0,39,274
1,0,2,1,0,4,1,1,0.14,0.1212,0.5,0.3284,1,86,275
1,0,2,1,0,4,1,1,0.14,0.1212,0.5,0.3582,4,184,275
1,0,2,1,0,4,1,1,0.16,0.1364,0.47,0.2985,6,127,275
1,0,2,1,0,4,1,1,0.18,0.1515,0.43,0.3284,2,50,275
1,0,2,1,0,4,1,1,0.18,0.1364,0.43,0.4478,9,55,276
1,0,2,1,0,4,1,1,0.2,0.1818,0.4,0.3582,2,67,276
1,0,2,1,0,4,1,1,0.2,0.1667,0.4,0.4179,4,47,276
1,0,2,1,0,4,1,1,0.22,0.197,0.37,0.3881,4,43,277
1,0,2,1,0,4,1,1,0.22,0.197,0.37,0.3284,4,56,278
1,0,2,1,0,4,1,1,0.22,0.2121,0.37,0.2537,5,73,278
1,0,2,1,0,4,1,1,0.2,0.197,0.4,0.194,5,170,279
1,0,2,1,0,4,1,1,0.2,0.2121,0.4,0.1642,2,145,279
1,0,2,1,0,4,1,1,0.2,0.2576,0.4,0,4,92,280
1,0,2,1,0,4,1,1,0.2,0.2273,0.47,0.0896,1,108,282
1,0,2,1,0,4,1,1,0.18,0.2121,0.55,0.1045,1,53,282
1,0,2,1,0,4,1,1,0.18,0.2121,0.51,0.0896,2,39,285
1,0,2,1,0,4,1,1,0.2,0.2273,0.47,0.1045,4,34,287
1,0,2,1,0,5,1,2,0.2,0.2576,0.44,0,3,10,289
1,0,2,1,0,5,1,2,0.16,0.2273,0.59,0,0,7,289
1,0,2,1,0,5,1,2,0.14,0.1667,0.63,0.1045,0,1,290
1,0,2,1,0,5,1,2,0.14,0.1667,0.63,0.1045,0,1,290
1,0,2,1,0,5,1,2,0.14,0.1515,0.63,0.1343,0,7,291
1,0,2,1,0,5,1,2,0.16,0.2273,0.55,0,2,26,291
1,0,2,1,0,5,1,1,0.14,0.2121,0.59,0,0,87,291
1,0,2,1,0,5,1,1,0.14,0.1515,0.74,0.1343,3,217,292
1,0,2,1,0,5,1,2,0.16,0.1818,0.8,0.1343,3,124,292
1,0,2,1,0,5,1,2,0.2,0.2121,0.51,0.1343,5,46,295
1,0,2,1,0,5,1,1,0.22,0.2273,0.51,0.1642,3,61,297
1,0,2,1,0,5,1,2,0.24,0.2424,0.48,0.1642,8,78,298
1,0,2,1,0,5,1,2,0.26,0.2576,0.5,0.2239,9,73,299
1,0,2,1,0,5,1,2,0.28,0.2727,0.45,0.1642,15,76,299
1,0,2,1,0,5,1,2,0.28,0.2727,0.48,0.2537,9,81,300
1,0,2,1,0,5,1,2,0.3,0.2879,0.42,0.2239,8,91,302
1,0,2,1,0,5,1,2,0.26,0.2727,0.56,0.1343,10,195,304
1,0,2,1,0,5,1,2,0.24,0.2576,0.6,0.1045,3,152,305
1,0,2,1,0,5,1,2,0.24,0.2424,0.65,0.1343,1,102,305
1,0,2,1,0,5,1,2,0.24,0.2424,0.65,0.1642,2,69,305
1,0,2,1,0,5,1,2,0.24,0.2424,0.7,0.1642,2,41,308
1,0,2,1,0,5,1,2,0.24,0.2424,0.65,0.1642,1,45,308
1,0,2,1,0,5,1,2,0.24,0.2424,0.7,0.1343,1,30,309
1,0,2,1,0,6,0,2,0.24,0.2424,0.7,0.1642,3,36,310
1,0,2,1,0,6,0,2,0.24,0.2424,0.65,0.1642,1,17,310
1,0,2,1,0,6,0,2,0.24,0.2424,0.75,0.1642,5,12,312
1,0,2,1,0,6,0,2,0.24,0.2424,0.75,0.1642,1,10,312
1,0,2,1,0,6,0,3,0.22,0.2273,0.93,0.1343,0,8,313
1,0,2,1,0,6,0,3,0.2,0.2273,1,0.0896,0,9,313
1,0,2,1,0,6,0,3,0.2,0.2576,1,0,0,4,313
1,0,2,1,0,6,0,3,0.22,0.2576,0.93,0.0896,0,4,314
1,0,2,1,0,6,0,3,0.2,0.2273,1,0.0896,0,10,315
1,0,2,1,0,6,0,3,0.2,0.2273,1,0.0896,3,17,317
1,0,2,1,0,6,0,3,0.2,0.2121,1,0.1343,3,31,317
1,0,2,1,0,6,0,3,0.22,0.2273,1,0.1343,1,46,319
1,0,2,1,0,6,0,3,0.22,0.2273,1,0.1642,10,42,319
1,0,2,1,0,6,0,3,0.22,0.2273,1,0.1642,10,62,320
1,0,2,1,0,6,0,3,0.22,0.2727,1,0,5,50,320
1,0,2,1,0,6,0,3,0.22,0.2727,1,0,11,49,321
1,0,2,1,0,6,0,3,0.22,0.2273,1,0.1343,8,63,321
1,0,2,1,0,6,0,2,0.24,0.2121,1,0.2836,14,64,326
1,0,2,1,0,6,0,2,0.28,0.2424,0.93,0.4478,2,81,326
1,0,2,1,0,6,0,2,0.28,0.2424,0.93,0.4478,6,78,327
1,0,2,1,0,6,0,1,0.3,0.2879,0.87,0.2537,5,64,330
1,0,2,1,0,6,0,1,0.26,0.2576,1,0.194,3,53,331
1,0,2,1,0,6,0,1,0.26,0.2727,0.93,0.1343,2,43,331
1,0,2,1,0,6,0,1,0.26,0.2576,0.93,0.2239,7,52,332
1,0,2,1,0,0,0,1,0.26,0.2576,0.7,0.194,2,37,335
1,0,2,1,0,0,0,1,0.26,0.2273,0.65,0.4179,4,40,335
1,0,2,1,0,0,0,1,0.26,0.2273,0.6,0.3284,0,20,335
1,0,2,1,0,0,0,1,0.26,0.2879,0.6,0.0896,3,10,336
1,0,2,1,0,0,0,1,0.26,0.2273,0.6,0.3582,0,2,336
1,0,2,1,0,0,0,1,0.26,0.2576,0.6,0.2239,0,1,337
1,0,2,1,0,0,0,1,0.26,0.2576,0.6,0.2239,0,1,338
1,0,2,1,0,0,0,1,0.24,0.2424,0.65,0.1642,0,8,338
1,0,2,1,0,0,0,1,0.24,0.2576,0.65,0.1045,2,21,339
1,0,2,1,0,0,0,1,0.28,0.2879,0.56,0.1045,7,38,341
1,0,2,1,0,0,0,1,0.3,0.2879,0.52,0.2537,15,74,341
1,0,2,1,0,0,0,1,0.32,0.303,0.49,0.2537,28,89,342
1,0,2,1,0,0,0,1,0.34,0.3333,0.46,0,48,126,343
1,0,2,1,0,0,0,1,0.34,0.3636,0.46,0,47,135,345
1,0,2,1,0,0,0,1,0.34,0.3485,0.46,0.0896,47,114,346
1,0,2,1,0,0,0,1,0.34,0.3485,0.46,0.0896,52,130,347
1,0,2,1,0,0,0,1,0.34,0.3485,0.49,0.1045,42,115,348
1,0,2,1,0,0,0,1,0.34,0.3636,0.46,0,24,97,349
1,0,2,1,0,0,0,1,0.3,0.303,0.56,0.1642,13,65,350
1,0,2,1,0,0,0,1,0.28,0.2879,0.61,0.1343,1,20,351
1,0,2,1,0,0,0,1,0.28,0.2879,0.61,0.1045,5,21,353
1,0,2,1,0,0,0,1,0.26,0.303,0.6,0,5,22,353
1,0,2,1,0,0,0,1,0.26,0.303,0.6,0,5,57,353
1,0,2,1,0,0,0,1,0.24,0.2879,0.65,0,4,26,356
1,0,2,1,0,1,1,1,0.24,0.2879,0.65,0,1,14,356
1,0,2,1,0,1,1,1,0.22,0.2727,0.75,0,1,4,357
1,0,2,1,0,1,1,1,0.2,0.2576,0.8,0,0,3,358
1,0,2,1,0,1,1,1,0.2,0.2576,0.86,0,0,1,359
1,0,2,1,0,1,1,1,0.2,0.2576,0.86,0,1,1,359
1,0,2,1,0,1,1,1,0.2,0.2576,0.86,0,1,9,361
1,0,2,1,0,1,1,1,0.18,0.2424,0.93,0,1,29,362
1,0,2,1,0,1,1,1,0.18,0.2424,0.86,0,6,89,365
1,0,2,1,0,1,1,2,0.16,0.2273,1,0,7,223,365
1,0,2,1,0,1,1,1,0.22,0.2727,0.8,0,3,115,365
1,0,2,1,0,1,1,1,0.24,0.2576,0.75,0.1045,6,49,366
1,0,2,1,0,1,1,1,0.3,0.3182,0.65,0.0896,11,36,367
1,0,2,1,0,1,1,2,0.32,0.3485,0.62,0,7,59,368
1,0,2,1,0,1,1,2,0.36,0.3636,0.57,0.0896,10,54,369
1,0,2,1,0,1,1,2,0.36,0.3636,0.57,0.0896,8,52,369
1,0,2,1,0,1,1,2,0.38,0.3939,0.54,0.0896,4,46,371
1,0,2,1,0,1,1,2,0.36,0.3485,0.57,0.1343,16,98,373
1,0,2,1,0,1,1,2,0.32,0.3182,0.7,0.1642,9,207,373
1,0,2,1,0,1,1,2,0.34,0.3333,0.66,0.1343,5,170,374
1,0,2,1,0,1,1,2,0.32,0.3485,0.7,0,5,123,374
1,0,2,1,0,1,1,2,0.32,0.3333,0.7,0.1045,6,82,376
1,0,2,1,0,1,1,1,0.32,0.3485,0.7,0,3,75,377
1,0,2,1,0,1,1,1,0.28,0.303,0.81,0.0896,3,34,379
1,0,2,1,0,1,1,2,0.3,0.3333,0.81,0,6,19,379
1,0,2,1,0,2,1,2,0.28,0.3182,0.87,0,4,6,379
1,0,2,1,0,2,1,2,0.28,0.3182,0.87,0,0,4,381
1,0,2,1,0,2,1,2,0.26,0.2727,0.93,0.1045,1,1,382
1,0,2,1,0,2,1,3,0.28,0.2727,0.93,0.1642,0,1,382
1,0,2,1,0,2,1,1,0.26,0.2576,0.93,0.1642,0,3,383
1,0,2,1,0,2,1,1,0.26,0.2273,0.81,0.3284,0,2,384
1,0,2,1,0,2,1,1,0.26,0.2273,0.7,0.3284,0,39,385
1,0,2,1,0,2,1,1,0.24,0.197,0.65,0.4179,3,97,386
1,0,2,1,0,2,1,1,0.24,0.197,0.56,0.4925,7,236,388
1,0,2,1,0,2,1,1,0.24,0.197,0.52,0.4925,7,128,391
1,0,2,1,0,2,1,1,0.22,0.1818,0.47,0.5522,4,44,392
1,0,2,1,0,2,1,1,0.22,0.1818,0.47,0.4627,1,49,392
1,0,2,1,0,2,1,1,0.24,0.197,0.38,0.4925,2,63,395
1,0,2,1,0,2,1,2,0.24,0.197,0.32,0.4478,2,48,396
1,0,2,1,0,2,1,1,0.22,0.197,0.37,0.4179,3,61,397
1,0,2,1,0,2,1,1,0.22,0.197,0.35,0.3881,6,45,397
1,0,2,1,0,2,1,1,0.22,0.1818,0.35,0.5224,4,79,398
1,0,2,1,0,2,1,1,0.22,0.1818,0.32,0.5821,4,172,398
1,0,2,1,0,2,1,1,0.2,0.1818,0.32,0.3881,1,151,400
1,0,2,1,0,2,1,1,0.16,0.1212,0.4,0.4627,1,100,400
1,0,2,1,0,2,1,1,0.16,0.1364,0.4,0.3284,3,53,402
1,0,2,1,0,2,1,1,0.14,0.1061,0.33,0.4627,8,46,403
1,0,2,1,0,2,1,1,0.12,0.1061,0.33,0.3582,0,29,403
1,0,2,1,0,2,1,1,0.12,0.1061,0.33,0.3284,3,9,404
1,0,2,1,0,3,1,1,0.1,0.0758,0.36,0.3582,0,17,405
1,0,2,1,0,3,1,1,0.1,0.1061,0.36,0.2239,0,7,406
1,0,2,1,0,3,1,1,0.08,0.0758,0.38,0.2836,1,2,407
1,0,2,1,0,3,1,1,0.06,0.0758,0.45,0.1343,0,2,409
1,0,2,1,0,3,1,1,0.06,0.1061,0.45,0.1045,0,7,409
1,0,2,1,0,3,1,1,0.06,0.1515,0.45,0,0,43,410
1,0,2,1,0,3,1,1,0.06,0.1061,0.49,0.1045,4,95,413
1,0,2,1,0,3,1,1,0.1,0.1364,0.42,0,1,198,414
1,0,2,1,0,3,1,1,0.12,0.1364,0.39,0.1642,4,119,416
1,0,2,1,0,3,1,1,0.14,0.1818,0.36,0,8,51,420
1,0,2,1,0,3,1,2,0.14,0.1515,0.43,0.1642,1,40,420
1,0,2,1,0,3,1,2,0.18,0.1818,0.4,0.2239,4,57,421
1,0,2,1,0,3,1,1,0.18,0.1667,0.4,0.2537,2,67,421
1,0,2,1,0,3,1,1,0.2,0.1818,0.34,0.2985,2,56,421
1,0,2,1,0,3,1,2,0.2,0.1818,0.34,0.2836,3,61,421
1,0,2,1,0,3,1,2,0.2,0.197,0.37,0.2537,7,72,422
1,0,2,1,0,3,1,2,0.2,0.197,0.34,0.2537,9,157,426
1,0,2,1,0,3,1,2,0.18,0.1667,0.47,0.2985,2,168,426
1,0,2,1,0,3,1,3,0.14,0.1212,0.86,0.2537,1,87,427
1,0,2,1,0,3,1,3,0.14,0.1515,0.86,0.1642,0,84,428
1,0,2,1,0,3,1,2,0.14,0.1515,0.86,0.1642,0,83,428
1,0,2,1,0,3,1,3,0.16,0.1667,0.8,0.1642,4,42,434
1,0,2,1,0,3,1,3,0.16,0.1515,0.8,0.194,0,37,440
1,0,3,1,0,2,1,1,0.3,0.2727,0.7,0.4627,0,7,442
1,0,3,1,0,2,1,1,0.26,0.2273,0.7,0.3582,0,3,442
1,0,3,1,0,2,1,1,0.24,0.2121,0.65,0.3881,0,4,443
1,0,3,1,0,2,1,1,0.22,0.2121,0.69,0.2836,0,2,444
1,0,3,1,0,2,1,1,0.22,0.2121,0.69,0.2537,0,1,448
1,0,3,1,0,2,1,1,0.2,0.1818,0.64,0.2836,1,1,449
1,0,3,1,0,2,1,1,0.2,0.1818,0.59,0.2985,0,46,455
1,0,3,1,0,2,1,1,0.2,0.1818,0.59,0.3284,2,105,457
1,0,3,1,0,2,1,1,0.2,0.1818,0.59,0.3881,10,204,457
1,0,3,1,0,2,1,1,0.22,0.197,0.55,0.4179,8,116,459
1,0,3,1,0,2,1,1,0.24,0.2121,0.52,0.2836,13,55,461
1,0,3,1,0,2,1,1,0.28,0.2727,0.45,0.2537,8,48,463
1,0,3,1,0,2,1,1,0.3,0.303,0.39,0.1343,6,80,464
1,0,3,1,0,2,1,1,0.32,0.3485,0.39,0,13,65,464
1,0,3,1,0,2,1,1,0.32,0.3333,0.36,0.1343,18,61,465
1,0,3,1,0,2,1,1,0.34,0.3636,0.34,0,7,57,468
1,0,3,1,0,2,1,1,0.34,0.3485,0.34,0.0896,10,92,468
1,0,3,1,0,2,1,1,0.34,0.3485,0.34,0.0896,12,230,469
1,0,3,1,0,2,1,1,0.32,0.3182,0.39,0.194,10,214,469
1,0,3,1,0,2,1,1,0.3,0.303,0.49,0.1343,4,115,470
1,0,3,1,0,2,1,1,0.3,0.3182,0.61,0.0896,2,86,470
1,0,3,1,0,2,1,1,0.26,0.303,0.56,0,8,55,472
1,0,3,1,0,2,1,1,0.24,0.2727,0.62,0.1045,3,44,472
1,0,3,1,0,2,1,1,0.24,0.2273,0.65,0.2239,2,23,479
1,0,3,1,0,3,1,1,0.22,0.2273,0.69,0.1642,3,5,480
1,0,3,1,0,3,1,1,0.22,0.2273,0.69,0.194,0,4,484
1,0,3,1,0,3,1,1,0.22,0.2273,0.69,0.194,0,2,485
1,0,3,1,0,3,1,1,0.22,0.2121,0.69,0.2836,3,1,486
1,0,3,1,0,3,1,1,0.2,0.2121,0.75,0.1343,1,0,487
1,0,3,1,0,3,1,1,0.22,0.2121,0.69,0.2239,0,5,487
1,0,3,1,0,3,1,1,0.22,0.2121,0.55,0.2537,1,39,490
1,0,3,1,0,3,1,1,0.22,0.2121,0.64,0.2537,2,108,491
1,0,3,1,0,3,1,1,0.24,0.2121,0.65,0.2836,13,243,493
1,0,3,1,0,3,1,1,0.28,0.2576,0.56,0.2985,7,141,493
1,0,3,1,0,3,1,1,0.32,0.303,0.49,0.2836,11,65,493
1,0,3,1,0,3,1,1,0.34,0.303,0.53,0.3284,8,65,496
1,0,3,1,0,3,1,1,0.4,0.4091,0.43,0.194,20,62,498
1,0,3,1,0,3,1,1,0.5,0.4848,0.25,0,35,90,500
1,0,3,1,0,3,1,1,0.52,0.5,0.23,0.2985,21,75,504
1,0,3,1,0,3,1,1,0.54,0.5152,0.19,0.4179,19,91,505
1,0,3,1,0,3,1,1,0.54,0.5152,0.19,0.3284,27,112,507
1,0,3,1,0,3,1,1,0.5,0.4848,0.23,0.2836,30,238,509
1,0,3,1,0,3,1,1,0.46,0.4545,0.23,0.4925,8,193,512
1,0,3,1,0,3,1,1,0.4,0.4091,0.28,0.5224,6,144,515
1,0,3,1,0,3,1,1,0.36,0.3333,0.29,0.4179,9,86,521
1,0,3,1,0,3,1,1,0.34,0.2879,0.29,0.4627,3,68,521
1,0,3,1,0,3,1,1,0.3,0.2576,0.26,0.5522,4,44,523
1,0,3,1,0,3,1,1,0.26,0.2121,0.3,0.5224,0,22,526
1,0,3,1,0,4,1,1,0.24,0.197,0.3,0.4627,3,10,529
1,0,3,1,0,4,1,1,0.24,0.197,0.3,0.4627,0,1,531
1,0,3,1,0,4,1,1,0.2,0.1667,0.27,0.4627,1,2,532
1,0,3,1,0,4,1,1,0.2,0.1667,0.27,0.4627,0,1,535
1,0,3,1,0,4,1,1,0.16,0.1212,0.31,0.4925,0,1,536
1,0,3,1,0,4,1,1,0.14,0.1212,0.33,0.2985,1,7,538
1,0,3,1,0,4,1,1,0.14,0.1212,0.33,0.2985,1,34,539
1,0,3,1,0,4,1,1,0.12,0.0909,0.42,0.4179,1,110,540
1,0,3,1,0,4,1,1,0.14,0.1212,0.39,0.2985,4,216,549
1,0,3,1,0,4,1,1,0.16,0.1364,0.37,0.2836,10,135,553
1,0,3,1,0,4,1,1,0.18,0.1818,0.29,0.194,7,49,555
1,0,3,1,0,4,1,1,0.2,0.2273,0.29,0.0896,10,40,558
1,0,3,1,0,4,1,1,0.22,0.2273,0.25,0.1343,7,65,563
1,0,3,1,0,4,1,1,0.22,0.2576,0.25,0.0896,13,67,568
1,0,3,1,0,4,1,1,0.24,0.2576,0.21,0.1045,18,60,568
1,0,3,1,0,4,1,1,0.24,0.2879,0.23,0,6,62,570
1,0,3,1,0,4,1,1,0.26,0.303,0.23,0,6,65,572
1,0,3,1,0,4,1,1,0.26,0.303,0.22,0,17,185,573
1,0,3,1,0,4,1,1,0.24,0.2121,0.35,0.3284,6,161,579
1,0,3,1,0,4,1,1,0.2,0.197,0.4,0.2537,5,101,579
1,0,3,1,0,4,1,1,0.2,0.2273,0.4,0.0896,1,69,580
1,0,3,1,0,4,1,1,0.18,0.2121,0.4,0.1045,3,48,586
1,0,3,1,0,4,1,1,0.2,0.2576,0.4,0,3,50,590
1,0,3,1,0,4,1,2,0.18,0.2121,0.43,0.0896,0,23,594
1,0,3,1,0,5,1,2,0.2,0.197,0.55,0.194,0,12,596
1,0,3,1,0,5,1,2,0.18,0.1818,0.64,0.194,0,4,597
1,0,3,1,0,5,1,2,0.18,0.1818,0.64,0.194,0,2,600
1,0,3,1,0,5,1,2,0.18,0.1667,0.74,0.2537,0,1,610
1,0,3,1,0,5,1,2,0.18,0.1818,0.74,0.194,1,0,610
1,0,3,1,0,5,1,2,0.16,0.1818,0.74,0.1343,0,7,612
1,0,3,1,0,5,1,2,0.16,0.197,0.74,0.0896,1,28,620
1,0,3,1,0,5,1,1,0.16,0.1818,0.8,0.1343,0,83,621
1,0,3,1,0,5,1,1,0.18,0.197,0.74,0.1343,6,222,632
1,0,3,1,0,5,1,1,0.22,0.2273,0.6,0.1343,12,138,638
1,0,3,1,0,5,1,1,0.24,0.2273,0.6,0.2537,10,56,639
1,0,3,1,0,5,1,1,0.28,0.2727,0.52,0.2239,16,73,643
1,0,3,1,0,5,1,1,0.32,0.303,0.43,0.1642,10,87,647
1,0,3,1,0,5,1,1,0.34,0.3182,0.42,0.2239,13,74,667
1,0,3,1,0,5,1,1,0.36,0.3333,0.4,0.2836,30,65,669
1,0,3,1,0,5,1,1,0.36,0.3333,0.4,0.2985,31,75,678
1,0,3,1,0,5,1,1,0.36,0.3485,0.46,0.194,17,101,679
1,0,3,1,0,5,1,2,0.36,0.3333,0.5,0.2537,22,206,679
1,0,3,1,0,5,1,2,0.34,0.303,0.53,0.2985,15,172,688
1,0,3,1,0,5,1,1,0.32,0.303,0.61,0.2537,5,102,692
1,0,3,1,0,5,1,2,0.3,0.2879,0.7,0.194,9,78,697
1,0,3,1,0,5,1,2,0.3,0.2879,0.7,0.2239,6,64,707
1,0,3,1,0,5,1,1,0.3,0.2879,0.7,0.194,4,40,710
1,0,3,1,0,5,1,2,0.3,0.303,0.75,0.1642,6,40,719
1,0,3,1,0,6,0,2,0.28,0.2879,0.81,0.1045,4,15,729
1,0,3,1,0,6,0,2,0.3,0.3182,0.81,0.1045,5,20,733
1,0,3,1,0,6,0,2,0.3,0.2879,0.87,0.194,5,15,750
1,0,3,1,0,6,0,2,0.3,0.2879,0.87,0.194,0,2,751
1,0,3,1,0,6,0,2,0.3,0.303,0.93,0.1642,0,1,760
1,0,3,1,0,6,0,2,0.3,0.303,1,0.1343,0,3,766
1,0,3,1,0,6,0,2,0.3,0.2879,1,0.2239,1,3,785
1,0,3,1,0,6,0,2,0.3,0.2727,1,0.2985,5,10,800
1,0,3,1,0,6,0,2,0.3,0.2727,1,0.2985,11,34,820
1,0,3,1,0,6,0,2,0.32,0.303,0.93,0.2239,15,48,834
1,0,3,1,0,6,0,2,0.34,0.3333,0.93,0.194,34,69,835
1,0,3,1,0,6,0,2,0.4,0.4091,0.76,0.2239,43,116,839
1,0,3,1,0,6,0,2,0.44,0.4394,0.67,0.2537,46,121,839
1,0,3,1,0,6,0,2,0.46,0.4545,0.67,0.2836,60,130,858
1,0,3,1,0,6,0,2,0.48,0.4697,0.59,0.2836,80,118,884
1,0,3,1,0,6,0,2,0.46,0.4545,0.63,0.2985,83,122,925
